Concurrent_Users,Response_Time_ms
10,93
12,95
13,78
14,105
15,93
16,95
19,94
21,102
23,87
26,101
27,113
30,121
31,95
32,96
35,105
36,109
39,119
40,115
42,105
44,128
47,136
50,124
53,131
54,123
56,126
59,133
61,126
64,150
65,129
67,130
70,153
73,143
74,153
77,142
79,145
81,158
83,149
84,156
86,168
89,162
91,168
92,158
93,156
96,163
97,159
99,160
102,176
103,188
106,165
108,173
109,183
111,197
112,199
113,180
114,180
115,201
116,181
117,190
120,204
122,188
124,200
126,203
127,214
129,198
130,216
132,219
134,218
136,196
139,218
142,207
145,224
146,225
148,208
149,211
152,237
153,224
155,216
157,233
160,224
162,230
163,220
165,237
168,241
171,233
172,238
175,261
178,239
181,244
182,266
183,250
184,252
187,272
189,252
191,271
192,265
193,259
196,261
198,273
199,267
202,283
205,259
208,269
211,265
213,271
215,283
218,302
219,302
222,292
223,300
224,301
227,303
230,304
233,311
235,311
236,309
239,301
240,320
241,307
243,312
244,308
247,313
250,316
253,323
254,334
255,328
257,328
258,339
260,323
263,344
266,345
269,334
270,332
273,334
274,346
277,343
280,345
282,360
285,360
287,362
290,369
292,355
293,371
296,358
298,372
299,371
300,373
302,360
303,355
306,372
307,379
308,373
310,378
312,363
313,378
314,390
317,386
318,390
319,394
322,400
324,386
327,404
328,383
330,382
333,395
336,406
337,388
338,415
339,396
340,403
343,411
344,400
347,408
350,426
352,400
355,413
356,412
357,427
360,430
362,416
364,435
365,412
367,415
368,422
370,428
373,444
376,427
379,427
380,451
383,453
385,451
387,449
389,451
392,461
395,456
397,466
400,446
403,467
405,461
406,469
408,465
410,462
413,463
415,469
418,470
419,482
420,476
421,484
423,492
424,474
427,488
428,477
431,492
434,488
437,493
438,496
440,487
442,500
445,503
448,520
450,504
452,511
455,526
457,524
459,519
460,529
462,512
463,533
466,530
468,536
471,515
473,522
474,536
477,547
480,538
483,534
484,532
485,537
488,556
491,544
494,544
497,552
499,540
500,546
503,550
504,559
505,559
506,564
507,551
509,565
510,567
511,576
514,555
515,558
518,584
521,563
524,574
526,574
528,575
531,586
532,596
534,589
536,596
538,598
540,583
541,602
544,601
546,609
548,604
549,599
552,609
553,600
555,594
557,598
559,601
560,613
561,607
563,600
565,608
567,614
568,629
570,633
573,619
575,641
578,632
581,640
583,637
585,639
586,646
588,639
589,645
590,635
591,633
592,646
594,659
595,658
597,648
600,661
602,640
603,647
604,650
607,641
609,643
610,672
611,656
614,665
617,667
619,653
622,669
624,670
625,679
628,687
630,679
631,672
632,691
635,677
636,697
637,683
639,679
640,695
643,678
645,680
647,691
650,710
651,683
652,692
655,695
657,699
659,715
661,710
662,721
663,708
665,715
666,700
669,724
672,723
673,716
674,709
676,737
677,711
678,719
681,726
683,722
685,741
687,725
689,748
691,722
692,731
694,733
697,757
700,732
701,741
702,753
703,735
705,737
706,761
707,741
710,769
712,750
714,743
715,758
718,766
720,759
723,774
724,770
725,776
726,781
727,768
730,777
733,783
736,773
738,777
741,784
744,793
747,785
748,775
749,791
750,782
752,792
753,793
754,782
757,812
758,813
759,816
761,806
764,811
765,806
768,813
769,800
770,814
773,825
774,813
777,807
780,836
783,831
784,834
785,812
787,817
789,843
792,824
793,827
795,849
797,842
798,844
799,839
801,836
802,835
803,844
805,841
808,848
810,863
812,845
813,864
815,853
817,854
820,867
821,872
822,875
824,866
827,876
829,858
830,855
833,886
835,859
837,863
838,873
841,883
843,879
844,895
847,875
848,880
850,890
852,890
855,894
857,903
858,901
859,895
862,885
864,913
865,898
866,914
868,901
869,911
870,907
873,895
876,920
878,913
879,910
880,912
883,912
885,935
886,921
888,931
890,912
891,941
892,940
893,922
895,920
898,940
900,942
902,935
905,937
907,933
908,949
910,951
912,955
914,960
916,942
918,962
920,939
922,964
925,971
928,971
930,963
933,953
934,973
936,964
938,983
939,980
942,971
943,973
944,983
947,985
949,991
952,979
954,977
957,997
958,998
961,983
962,1000
963,997
964,980
967,1000
968,1006
970,1002
973,1013
975,1001
977,1005
978,996
981,1014
983,1004
984,1001
986,1030
989,1034
992,1014
993,1023
995,1019
998,1014
1000,1015
1002,1016
1005,1022
1007,1022
1008,1043
1011,1027
1014,1040
1016,1053
1017,1034
1019,1062
1022,1065
1023,1066
1025,1056
1027,1068
1030,1056
1032,1051
1035,1055
1037,1069
1040,1060
1043,1082
1045,1085
1047,1082
1048,1077
1051,1063
1053,1083
1054,1069
1056,1075
1058,1083
1059,1087
1061,1098
1064,1086
1066,1080
1068,1094
1071,1108
1072,1102
1073,1091
1074,1093
1076,1101
1078,1103
1079,1120
1080,1115
1082,1105
1084,1111
1086,1115
1087,1119
1089,1117
1092,1131
1095,1106
1097,1112
1098,1127
1101,1119
1104,1141
1106,1134
1108,1147
1110,1121
1112,1123
1113,1138
1116,1146
1118,1155
1120,1154
1121,1151
1124,1152
1127,1144
1130,1138
1132,1151
1135,1144
1138,1155
1139,1163
1140,1163
1141,1169
1142,1164
1143,1164
1144,1171
1147,1169
1148,1170
1150,1160
1152,1159
1154,1166
1155,1166
1158,1185
1160,1195
1162,1181
1164,1182
1166,1196
1167,1201
1168,1194
1169,1197
1170,1179
1171,1204
1174,1191
1176,1209
1178,1189
1180,1203
1182,1192
1185,1217
1187,1220
1190,1195
1191,1208
1193,1199
1196,1225
1197,1216
1199,1211
1202,1228
1203,1223
1204,1221
1207,1218
1208,1223
1209,1214
1212,1238
1215,1248
1216,1234
1219,1242
1222,1245
1223,1251
1225,1239
1226,1234
1227,1254
1229,1246
1230,1245
1232,1263
1235,1260
1238,1252
1241,1252
1243,1246
1246,1257
1248,1278
1249,1274
1251,1280
1254,1277
1257,1285
1258,1270
1259,1284
1262,1292
1263,1291
1265,1294
1268,1291
1269,1296
1270,1300
1273,1280
1275,1300
1277,1305
1280,1308
1282,1297
1284,1285
1287,1291
1290,1304
1293,1297
1294,1303
1296,1312
1299,1301
1302,1331
1304,1309
1305,1328
1306,1326
1307,1310
1309,1330
1312,1311
1315,1329
1317,1327
1320,1326
1323,1323
1326,1337
1327,1328
1328,1331
1331,1336
1332,1336
1334,1334
1337,1339
1339,1356
1341,1341
1343,1358
1346,1370
1348,1363
1351,1361
1352,1358
1353,1364
1354,1354
1357,1361
1359,1386
1360,1380
1361,1374
1363,1365
1365,1363
1366,1387
1368,1364
1371,1397
1373,1394
1376,1385
1379,1402
1381,1377
1384,1383
1386,1381
1387,1401
1388,1394
1391,1404
1394,1415
1397,1397
1400,1404
1402,1396
1403,1402
1406,1429
1408,1403
1409,1404
1412,1417
1415,1437
1417,1441
1420,1428
1421,1424
1423,1444
1424,1445
1426,1441
1428,1421
1431,1451
1432,1435
1433,1429
1435,1458
1438,1456
1440,1442
1442,1450
1445,1447
1446,1444
1449,1445
1450,1443
1453,1451
1456,1450
1458,1460
1460,1467
1461,1453
1463,1464
1465,1460
1466,1474
1467,1466
1469,1483
1470,1473
1472,1467
1475,1488
1477,1472
1480,1484
1481,1480
1482,1479
1485,1501
1487,1491
1489,1485
1492,1494
1495,1514
1498,1492
1501,1497
1502,1499
1505,1508
1506,1519
1509,1524
1512,1516
1515,1507
1517,1506
1519,1532
1522,1537
1523,1517
1526,1535
1529,1533
1531,1537
1533,1535
1535,1526
1538,1528
1540,1540
1543,1558
1544,1544
1546,1544
1548,1549
1549,1550
1550,1538
1552,1552
1555,1556
1556,1558
1558,1561
1559,1565
1560,1572
1562,1559
1565,1551
1567,1564
1570,1568
1572,1558
1575,1564
1576,1584
1578,1566
1581,1567
1583,1581
1586,1582
1587,1584
1589,1586
1590,1591
1592,1599
1593,1589
1595,1588
1597,1588
1599,1588
1600,1611
1601,1589
1603,1612
1604,1593
1606,1605
1609,1616
1611,1600
1614,1605
1615,1628
1618,1627
1621,1622
1622,1626
1625,1628
1626,1611
1628,1633
1629,1615
1630,1634
1631,1622
1634,1622
1636,1639
1638,1647
1639,1636
1640,1645
1641,1643
1642,1646
1644,1631
1646,1656
1647,1654
1649,1658
1651,1644
1653,1653
1654,1652
1656,1645
1657,1663
1660,1651
1661,1669
1663,1653
1666,1654
1668,1670
1670,1667
1673,1673
1674,1658
1676,1677
1677,1660
1678,1684
1679,1677
1680,1680
1683,1681
1684,1664
1685,1677
1687,1688
1689,1686
1692,1678
1694,1701
1696,1706
1697,1698
1699,1684
1702,1683
1705,1694
1706,1703
1709,1705
1710,1694
1711,1708
1713,1722
1716,1696
1718,1721
1721,1700
1722,1728
1725,1722
1728,1726
1731,1715
1732,1737
1733,1713
1736,1727
1739,1747
1740,1730
1743,1747
1746,1746
1747,1727
1749,1726
1752,1753
1753,1758
1754,1759
1757,1760
1759,1759
1761,1767
1762,1765
1763,1758
1764,1756
1766,1759
1769,1753
1770,1762
1771,1751
1773,1755
1775,1780
1776,1761
1779,1763
1782,1768
1784,1775
1787,1776
1788,1771
1791,1773
1793,1780
1796,1777
1797,1773
1799,1798
1802,1791
1804,1779
1805,1780
1808,1787
1810,1785
1813,1793
1815,1815
1817,1815
1819,1806
1822,1818
1825,1822
1826,1799
1828,1820
1830,1805
1833,1810
1836,1828
1838,1834
1840,1843
1841,1837
1844,1820
1845,1830
1846,1837
1849,1826
1852,1837
1853,1845
1856,1854
1857,1847
1859,1847
1860,1859
1861,1833
1863,1853
1865,1843
1867,1853
1870,1851
1872,1864
1873,1873
1875,1865
1876,1876
1878,1868
1880,1872
1883,1879
1885,1868
1888,1863
1891,1872
1894,1882
1895,1894
1898,1875
1900,1892
1901,1896
1902,1896
1904,1887
1907,1904
1910,1905
1913,1891
1914,1893
1915,1902
1918,1911
1919,1909
1921,1911
1924,1899
1927,1906
1928,1900
1931,1923
1934,1924
1935,1918
1936,1921
1938,1926
1940,1927
1942,1936
1945,1915
1948,1938
1949,1922
1951,1948
1954,1937
1955,1936
1956,1933
1959,1946
1961,1939
1964,1952
1965,1960
1968,1937
1969,1950
1970,1961
1971,1947
1974,1942
1976,1946
1978,1950
1979,1948
1982,1974
1983,1969
1984,1953
1987,1964
